{
    "squad": [
        {
            "name": "Alisson",
            "surname": "Becker",
            "position": "Goalkeeper",
            "country": "Brazil",
            "shirt_number": 1,
            "count": 0
        },
        {
            "name": "Trent",
            "surname": "Arnold",
            "position": "Right Back",
            "country": "England",
            "shirt_number": 66,
            "count": 1
        },
        {
            "name": "Virgil",
            "surname": "van Dijk",
            "position": "Center Back",
            "country": "Netherlands",
            "shirt_number": 4,
            "count": 2
        },
        {
            "name": "Ibrahima",
            "surname": "Konaté",
            "position": "Center Back",
            "country": "France",
            "shirt_number": 5,
            "count": 3
        },
        {
            "name": "Andrew",
            "surname": "Robertson",
            "position": "Left Back",
            "country": "Scotland",
            "shirt_number": 26,
            "count": 4
        },
        {
            "name": "Alexis",
            "surname": "Mac Allister",
            "position": "Midfielder",
            "country": "Argentina",
            "shirt_number": 10,
            "count": 5
        },
        {
            "name": "Dominik",
            "surname": "Szoboszlai",
            "position": "Midfielder",
            "country": "Hungary",
            "shirt_number": 8,
            "count": 6
        },
        {
            "name": "Curtis",
            "surname": "Jones",
            "position": "Midfielder",
            "country": "England",
            "shirt_number": 17,
            "count": 7
        },
        {
            "name": "Mohamed",
            "surname": "Salah",
            "position": "Forward",
            "country": "Egypt",
            "shirt_number": 11,
            "count": 8
        },
        {
            "name": "Darwin",
            "surname": "Núñez",
            "position": "Forward",
            "country": "Uruguay",
            "shirt_number": 9,
            "count": 9
        },
        {
            "name": "Luis",
            "surname": "Díaz",
            "position": "Forward",
            "country": "Colombia",
            "shirt_number": 7,
            "count": 10
        },
        {
            "name": "Joe",
            "surname": "Gomez",
            "position": "Defender",
            "country": "England",
            "shirt_number": 2,
            "count": 11
        },
        {
            "name": "Kostas",
            "surname": "Tsimikas",
            "position": "Defender",
            "country": "Greece",
            "shirt_number": 21,
            "count": 12
        },
        {
            "name": "Harvey",
            "surname": "Elliott",
            "position": "Midfielder",
            "country": "England",
            "shirt_number": 19,
            "count": 13
        },
        {
            "name": "Cody",
            "surname": "Gakpo",
            "position": "Forward",
            "country": "Netherlands",
            "shirt_number": 18,
            "count": 14
        },
        {
            "name": "Diogo",
            "surname": "Jota",
            "position": "Forward",
            "country": "Portugal",
            "shirt_number": 20,
            "count": 15
        },
        {
            "name": "Wataru",
            "surname": "Endo",
            "position": "Midfielder",
            "country": "Japan",
            "shirt_number": 3,
            "count": 16
        },
        {
            "name": "Ryan",
            "surname": "Gravenberch",
            "position": "Midfielder",
            "country": "Netherlands",
            "shirt_number": 38,
            "count": 17
        },
        {
            "name": "Federico",
            "surname": "Chiesa",
            "position": "Forward",
            "country": "Italy",
            "shirt_number": 14,
            "count": 18
        },
        {
            "name": "Conor",
            "surname": "Bradley",
            "position": "Defender",
            "country": "Northern Ireland",
            "shirt_number": 84,
            "count": 19
        },
        {
            "name": "Jarell",
            "surname": "Quansah",
            "position": "Defender",
            "country": "England",
            "shirt_number": 78,
            "count": 20
        },
        {
            "name": "Vitezslav",
            "surname": "Jaros",
            "position": "Goalkeeper",
            "country": "Czech Republic",
            "shirt_number": 56,
            "count": 21
        },
        {
            "name": "Caoimhin",
            "surname": "Kelleher",
            "position": "Goalkeeper",
            "country": "Ireland",
            "shirt_number": 62,
            "count": 22
        }
    ]
}
